{
    "Aatrox": {
        "Win": 200,
        "Lose": 163,
        "WinRate": 5.096418732782368
    },
    "Ahri": {
        "Win": 107,
        "Lose": 122,
        "WinRate": -3.275109170305676
    },
    "Akali": {
        "Win": 1281,
        "Lose": 1288,
        "WinRate": -0.13623978201634657
    },
    "Alistar": {
        "Win": 991,
        "Lose": 1039,
        "WinRate": -1.1822660098522135
    },
    "Amumu": {
        "Win": 65,
        "Lose": 67,
        "WinRate": -0.7575757575757578
    },
    "Anivia": {
        "Win": 7,
        "Lose": 8,
        "WinRate": -3.3333333333333357
    },
    "Annie": {
        "Win": 74,
        "Lose": 80,
        "WinRate": -1.9480519480519476
    },
    "Aphelios": {
        "Win": 855,
        "Lose": 855,
        "WinRate": 0.0
    },
    "Ashe": {
        "Win": 1080,
        "Lose": 1151,
        "WinRate": -1.5912147019273846
    },
    "AurelionSol": {
        "Win": 20,
        "Lose": 22,
        "WinRate": -2.3809523809523796
    },
    "Azir": {
        "Win": 26,
        "Lose": 30,
        "WinRate": -3.5714285714285694
    },
    "Bard": {
        "Win": 617,
        "Lose": 622,
        "WinRate": -0.20177562550443895
    },
    "Blitzcrank": {
        "Win": 170,
        "Lose": 175,
        "WinRate": -0.7246376811594217
    },
    "Brand": {
        "Win": 44,
        "Lose": 51,
        "WinRate": -3.6842105263157876
    },
    "Braum": {
        "Win": 199,
        "Lose": 196,
        "WinRate": 0.37974683544303645
    },
    "Caitlyn": {
        "Win": 482,
        "Lose": 451,
        "WinRate": 1.661307609860664
    },
    "Camille": {
        "Win": 1833,
        "Lose": 1808,
        "WinRate": 0.3433122768470227
    },
    "Cassiopeia": {
        "Win": 262,
        "Lose": 295,
        "WinRate": -2.9622980251346505
    },
    "Chogath": {
        "Win": 26,
        "Lose": 15,
        "WinRate": 13.414634146341463
    },
    "Corki": {
        "Win": 20,
        "Lose": 11,
        "WinRate": 14.516129032258064
    },
    "Darius": {
        "Win": 92,
        "Lose": 105,
        "WinRate": -3.299492385786799
    },
    "Diana": {
        "Win": 41,
        "Lose": 47,
        "WinRate": -3.4090909090909065
    },
    "Draven": {
        "Win": 69,
        "Lose": 89,
        "WinRate": -6.329113924050631
    },
    "DrMundo": {
        "Win": 9,
        "Lose": 12,
        "WinRate": -7.142857142857146
    },
    "Ekko": {
        "Win": 709,
        "Lose": 636,
        "WinRate": 2.713754646840151
    },
    "Elise": {
        "Win": 445,
        "Lose": 421,
        "WinRate": 1.3856812933025395
    },
    "Evelynn": {
        "Win": 82,
        "Lose": 96,
        "WinRate": -3.932584269662918
    },
    "Ezreal": {
        "Win": 1556,
        "Lose": 1662,
        "WinRate": -1.646985705407083
    },
    "Fiddlesticks": {
        "Win": 125,
        "Lose": 113,
        "WinRate": 2.5210084033613427
    },
    "Fiora": {
        "Win": 502,
        "Lose": 530,
        "WinRate": -1.3565891472868188
    },
    "Fizz": {
        "Win": 185,
        "Lose": 172,
        "WinRate": 1.8207282913165272
    },
    "Galio": {
        "Win": 887,
        "Lose": 940,
        "WinRate": -1.4504652435686936
    },
    "Gangplank": {
        "Win": 288,
        "Lose": 311,
        "WinRate": -1.919866444073456
    },
    "Garen": {
        "Win": 22,
        "Lose": 16,
        "WinRate": 7.89473684210526
    },
    "Gnar": {
        "Win": 38,
        "Lose": 34,
        "WinRate": 2.7777777777777786
    },
    "Gragas": {
        "Win": 176,
        "Lose": 224,
        "WinRate": -6.0
    },
    "Graves": {
        "Win": 2149,
        "Lose": 2095,
        "WinRate": 0.6361922714420345
    },
    "Hecarim": {
        "Win": 695,
        "Lose": 738,
        "WinRate": -1.5003489183531045
    },
    "Heimerdinger": {
        "Win": 68,
        "Lose": 73,
        "WinRate": -1.7730496453900741
    },
    "Illaoi": {
        "Win": 6,
        "Lose": 6,
        "WinRate": 0.0
    },
    "Irelia": {
        "Win": 603,
        "Lose": 599,
        "WinRate": 0.1663893510815342
    },
    "Ivern": {
        "Win": 108,
        "Lose": 102,
        "WinRate": 1.4285714285714306
    },
    "Janna": {
        "Win": 227,
        "Lose": 202,
        "WinRate": 2.9137529137529157
    },
    "JarvanIV": {
        "Win": 68,
        "Lose": 83,
        "WinRate": -4.966887417218544
    },
    "Jax": {
        "Win": 862,
        "Lose": 855,
        "WinRate": 0.2038439138031478
    },
    "Jayce": {
        "Win": 853,
        "Lose": 809,
        "WinRate": 1.3237063778580023
    },
    "Jhin": {
        "Win": 2441,
        "Lose": 2438,
        "WinRate": 0.030744004919043277
    },
    "Jinx": {
        "Win": 84,
        "Lose": 91,
        "WinRate": -2.0
    },
    "Kaisa": {
        "Win": 1083,
        "Lose": 1071,
        "WinRate": 0.27855153203342553
    },
    "Kalista": {
        "Win": 228,
        "Lose": 264,
        "WinRate": -3.6585365853658516
    },
    "Karma": {
        "Win": 333,
        "Lose": 320,
        "WinRate": 0.9954058192955557
    },
    "Karthus": {
        "Win": 602,
        "Lose": 512,
        "WinRate": 4.039497307001795
    },
    "Kassadin": {
        "Win": 199,
        "Lose": 215,
        "WinRate": -1.9323671497584556
    },
    "Katarina": {
        "Win": 130,
        "Lose": 132,
        "WinRate": -0.3816793893129784
    },
    "Kayle": {
        "Win": 29,
        "Lose": 36,
        "WinRate": -5.384615384615387
    },
    "Kayn": {
        "Win": 302,
        "Lose": 332,
        "WinRate": -2.3659305993690865
    },
    "Kennen": {
        "Win": 293,
        "Lose": 347,
        "WinRate": -4.21875
    },
    "Khazix": {
        "Win": 223,
        "Lose": 258,
        "WinRate": -3.6382536382536372
    },
    "Kindred": {
        "Win": 750,
        "Lose": 877,
        "WinRate": -3.902888752304854
    },
    "Kled": {
        "Win": 24,
        "Lose": 32,
        "WinRate": -7.142857142857146
    },
    "KogMaw": {
        "Win": 14,
        "Lose": 29,
        "WinRate": -17.441860465116278
    },
    "Leblanc": {
        "Win": 228,
        "Lose": 235,
        "WinRate": -0.7559395248380127
    },
    "LeeSin": {
        "Win": 1071,
        "Lose": 1077,
        "WinRate": -0.13966480446927676
    },
    "Leona": {
        "Win": 1410,
        "Lose": 1351,
        "WinRate": 1.0684534588917032
    },
    "Lillia": {
        "Win": 1207,
        "Lose": 1214,
        "WinRate": -0.14456836018174357
    },
    "Lissandra": {
        "Win": 35,
        "Lose": 33,
        "WinRate": 1.470588235294116
    },
    "Lucian": {
        "Win": 1273,
        "Lose": 1270,
        "WinRate": 0.05898545025560509
    },
    "Lulu": {
        "Win": 844,
        "Lose": 891,
        "WinRate": -1.3544668587896282
    },
    "Lux": {
        "Win": 132,
        "Lose": 117,
        "WinRate": 3.0120481927710827
    },
    "Malphite": {
        "Win": 235,
        "Lose": 274,
        "WinRate": -3.8310412573673887
    },
    "Malzahar": {
        "Win": 15,
        "Lose": 13,
        "WinRate": 3.5714285714285694
    },
    "Maokai": {
        "Win": 441,
        "Lose": 434,
        "WinRate": 0.3999999999999986
    },
    "MasterYi": {
        "Win": 16,
        "Lose": 19,
        "WinRate": -4.285714285714285
    },
    "MissFortune": {
        "Win": 564,
        "Lose": 554,
        "WinRate": 0.44722719141324063
    },
    "MonkeyKing": {
        "Win": 352,
        "Lose": 302,
        "WinRate": 3.822629969418962
    },
    "Mordekaiser": {
        "Win": 76,
        "Lose": 93,
        "WinRate": -5.029585798816569
    },
    "Morgana": {
        "Win": 238,
        "Lose": 201,
        "WinRate": 4.214123006833709
    },
    "Nami": {
        "Win": 14,
        "Lose": 20,
        "WinRate": -8.823529411764703
    },
    "Nasus": {
        "Win": 17,
        "Lose": 8,
        "WinRate": 18.0
    },